{
    "imuL2": [
        -0.09575286331273222, 
        0.09709986902653675, 
        -0.39403765716535727, 
        0.9089209697977481
    ], 
    "imuL3": [
        -0.033547978454819334, 
        -0.11168552919075748, 
        -0.10806911866925173, 
        0.9872800723710707
    ], 
    "imuL1": [
        0.13312185090796794, 
        -0.10851028003325111, 
        -0.9584657808434482, 
        0.227700326943334
    ], 
    "imuR1": [
        -0.031295035511575954, 
        0.07449641827678775, 
        -0.9912082175676287, 
        0.10477200887003946
    ], 
    "imuR2": [
        0.05017557668295895, 
        -0.048289421518045265, 
        -0.5234080582635476, 
        0.8492317397617495
    ], 
    "imuR3": [
        0.05523675179325188, 
        -0.05365855888487326, 
        -0.5652817550242513, 
        0.8212954387712327
    ]
}