{
    "imuL2": [
        0.8574406946376739, 
        0.332453357514253, 
        0.3681617658779848, 
        0.1368471205483235
    ], 
    "imuL3": [
        0.0, 
        0.0, 
        0.0, 
        0.0
    ], 
    "imuL1": [
        -0.1347530734027269, 
        0.7372870490803182, 
        0.06626135096422373, 
        0.6586796260970516
    ], 
    "imuR1": [
        0.0, 
        0.03648411202425199, 
        0.9717450183860803, 
        0.2331963310424037
    ], 
    "imuR2": [
        0.009006674661616419, 
        0.01000741629068491, 
        -0.7924118015153907, 
        0.6098379032577901
    ], 
    "imuR3": [
        0.0, 
        0.0, 
        0.0, 
        0.0
    ]
}