{
    "imu1": [
        -0.0049880598759125365, 
        0.009006219220397635, 
        -0.9278253226593235, 
        0.3728728709709927
    ], 
    "imu3": [
        0.028755493588285736, 
        0.0010467738565328854, 
        -0.23079824163231694, 
        0.972576062584525
    ], 
    "imu2": [
        -0.030048733651335695, 
        0.030356610020714138, 
        -0.21543648947256305, 
        0.9755832454679302
    ]
}