{
    "imuL2": [
        0.001000416285784473, 
        0.01300541171519815, 
        -0.05473975903349003, 
        0.9984154532129041
    ], 
    "imuL3": [
        0.003210535500954687, 
        0.0, 
        0.4734406733731356, 
        0.8808198574383919
    ], 
    "imuL1": [
        0.1611717394024451, 
        -0.050053335218150655, 
        -0.29331254437836285, 
        0.9410027021012324
    ], 
    "imuR1": [
        0.014690576526875632, 
        0.048131464739082246, 
        0.8363054426418017, 
        0.5459494076112534
    ], 
    "imuR2": [
        0.076354703600388, 
        -0.02702420552539684, 
        -0.03211955153926356, 
        0.9961967606666539
    ], 
    "imuR3": [
        0.029889522910105142, 
        -0.015426241451393496, 
        -0.5683163297986448, 
        0.8221223733600052
    ]
}