{
    "imuL2": [
        -0.0034763503036979735, 
        -0.004635133738263965, 
        -0.8900334643705119, 
        0.4558583802283545
    ], 
    "imuL3": [
        0.0, 
        0.0, 
        0.0, 
        0.0
    ], 
    "imuL1": [
        -0.024944388512493403, 
        0.10349902510180234, 
        0.9690745727179441, 
        0.22262120697779125
    ], 
    "imuR1": [
        -0.0018255396387697697, 
        -0.1775863896676323, 
        0.9724509229600504, 
        0.15099319204516884
    ], 
    "imuR2": [
        0.004616443269861333, 
        -0.04597134952002598, 
        -0.9735955985023906, 
        0.223555214771688
    ], 
    "imuR3": [
        0.0, 
        0.0, 
        0.0, 
        0.0
    ]
}