{
    "imu1": [
        -0.001000684206819395, 
        -0.0009136681888350998, 
        0.42228873527778465, 
        0.9064603620120674
    ], 
    "imu3": [
        0.04702968509990379, 
        0.1921212667910963, 
        -0.23114589910803776, 
        0.9526012811725193
    ], 
    "imu2": [
        -0.006758571216210719, 
        -0.006004395887363172, 
        0.3088783072781968, 
        0.951058599791884
    ]
}