{
    "imuL2": [
        -0.06963000733891733, 
        -0.07257953866341005, 
        0.6540410144721853, 
        0.7497427719115293
    ], 
    "imuL3": [
        0.0, 
        0.0, 
        0.0, 
        0.0
    ], 
    "imuL1": [
        0.014836204325849324, 
        0.04872244615885429, 
        -0.18949958969099615, 
        0.98055898128998
    ], 
    "imuR1": [
        0.09478603297375411, 
        -0.006197345738050602, 
        -0.43881772442655753, 
        0.8935413843734376
    ], 
    "imuR2": [
        0.005741063122796535, 
        0.025457313541452524, 
        0.7462328653557918, 
        0.665173267686215
    ], 
    "imuR3": [
        0.0, 
        0.0, 
        0.0, 
        0.0
    ]
}