{
    "imuL2": [
        -0.7611231858378893, 
        -0.6135056647577909, 
        0.18397405140339096, 
        0.10225381997903722
    ], 
    "imuL3": [
        0.0, 
        0.0, 
        0.0, 
        0.0
    ], 
    "imuL1": [
        -0.04171698295586423, 
        0.7544942508791789, 
        0.18831301445957735, 
        0.6273247383201733
    ], 
    "imuR1": [
        -0.08534593243124292, 
        -0.027470829848471233, 
        0.9618586667170123, 
        0.2584363182415538
    ], 
    "imuR2": [
        0.11448235433687906, 
        -0.16926479216952275, 
        -0.7746495524202747, 
        0.5984657814882668
    ], 
    "imuR3": [
        0.0, 
        0.0, 
        0.0, 
        0.0
    ]
}